fold,mean_r,mean_g,mean_b,std_r,std_g,std_b,n_train_images
1,0.544784,0.435574,0.416252,0.146251,0.154790,0.149545,734
2,0.540749,0.431898,0.411962,0.145745,0.154777,0.148698,734
3,0.541620,0.431930,0.412038,0.146443,0.155257,0.149584,734
4,0.542717,0.433022,0.413430,0.145389,0.153334,0.147605,735
5,0.544307,0.434184,0.414764,0.146232,0.153874,0.147733,735
