fold,mean_r,mean_g,mean_b,std_r,std_g,std_b
1,0.594789,0.509522,0.451902,0.178182,0.197666,0.211309
2,0.599273,0.514342,0.455393,0.176993,0.196228,0.209504
3,0.598119,0.511901,0.452020,0.178143,0.197032,0.210544
4,0.598096,0.512011,0.452590,0.176885,0.196572,0.210074
5,0.596635,0.510563,0.449993,0.177889,0.196589,0.210460
